"lc","pct"
"Developed Land",16.0583802378629
"Agricultural and Grassland",3.71921906061405
"Forest and Shrub Land",71.272632777558
"Wetland",6.47432952793582
"Barren Land",2.11646856279126
